{
    "Plotting":false,
    "Constants":{
        "SolarConstant":1361,
        "SpeedLight":3e8,
        "EarthRotation":[ 0.0, 0.0, 7.2921158553e-5 ],
        "DragCoefficient":2.25,
        "MassEarth":5.97219e24,
        "GravityConstant":6.67408e-11
    },
    "MagneticDipole":[ 20.0, 20.0, 20.0 ],
    "SatelliteOrientation":{
        "Date":0,
        "Position":[ 0.0, 0.0, 0.0 ],
        "Velocity":[ 0.0, 0.0, 0.0 ],
        "Angles":[ 0.0, 0.0, 0.0 ],
        "PrincipleMOIs":[ 77217.0, 77217.0, 25000.0 ]
    },
    "Plates":[
        {
            "Area":23.0,
            "Lever":[ 1.0, 0.0, 0.0 ],
            "Normal":[ 1.0, 0.0, 0.0 ],
            "RCoefficients":[ 0.1, 0.8, 0.1 ]
        },
        {
            "Area":18.0,
            "Lever":[ 0.0, 0.0, 0.6 ],
            "Normal":[ 0.8660254038, 0.5, 0.0 ],
            "RCoefficients":[ 0.05, 0.75, 0.2 ]
        },
        {
            "Area":18.0,
            "Lever":[ 0.0, 0.0, 0.6 ],
            "Normal":[ 0.8660254038, 0.5, 0.0 ],
            "RCoefficients":[ 0.05, 0.75, 0.2 ]
        }
    ]
}